module,operation,macs,left_zero_macs,right_zero_macs,both_zero_macs,skippable_macs,nonzero_product_macs,padding_macs,skippable_percent,skippable_excluding_padding
backbone.input_stem.op_list.0.conv,conv,10838016,0,64416,0,64416,10773600,64416,0.5943523242630385,0
backbone.input_stem.op_list.1.main.depth_conv.conv,conv,3612672,0,67643,0,67643,3545029,42880,1.8723814395549887,24763
backbone.input_stem.op_list.1.main.point_conv.conv,conv,6422528,0,179760,0,179760,6242768,0,2.7988978794642856,179760
backbone.stages.0.op_list.0.main.inverted_conv.conv,conv,25690112,0,0,0,0,25690112,0,0.0,0
backbone.stages.0.op_list.0.main.depth_conv.conv,conv,3612672,0,183414,0,183414,3429258,42880,5.076962425595238,140534
backbone.stages.0.op_list.0.main.point_conv.conv,conv,12845056,0,458720,0,458720,12386336,0,3.571179448341837,458720
backbone.stages.0.op_list.1.main.inverted_conv.conv,conv,25690112,0,0,0,0,25690112,0,0.0,0
backbone.stages.0.op_list.1.main.depth_conv.conv,conv,7225344,0,463386,0,463386,6761958,171008,6.4133417038690474,292378
backbone.stages.0.op_list.1.main.point_conv.conv,conv,25690112,0,1823200,0,1823200,23866912,0,7.0968939333545915,1823200
backbone.stages.1.op_list.0.main.inverted_conv.conv,conv,25690112,0,0,0,0,25690112,0,0.0,0
backbone.stages.1.op_list.0.main.depth_conv.conv,conv,1806336,0,127753,0,127753,1678583,42752,7.072493711026077,85001
backbone.stages.1.op_list.0.main.point_conv.conv,conv,12845056,0,104000,0,104000,12741056,0,0.8096500318877551,104000
backbone.stages.1.op_list.1.main.inverted_conv.conv,conv,25690112,0,0,0,0,25690112,0,0.0,0
backbone.stages.1.op_list.1.main.depth_conv.conv,conv,3612672,0,260019,0,260019,3352653,169984,7.197415098852041,90035
backbone.stages.1.op_list.1.main.point_conv.conv,conv,25690112,0,402880,0,402880,25287232,0,1.5682298309948979,402880
backbone.stages.1.op_list.2.main.inverted_conv.conv,conv,25690112,0,0,0,0,25690112,0,0.0,0
backbone.stages.1.op_list.2.main.depth_conv.conv,conv,3612672,0,314464,0,314464,3298208,169984,8.704471371882086,144480
backbone.stages.1.op_list.2.main.point_conv.conv,conv,25690112,0,187008,0,187008,25503104,0,0.7279376594387755,187008
backbone.stages.2.op_list.0.main.inverted_conv.conv,conv,25690112,0,0,0,0,25690112,0,0.0,0
backbone.stages.2.op_list.0.main.depth_conv.conv,conv,903168,0,55540,0,55540,847628,42496,6.1494649943310655,13044
backbone.stages.2.op_list.0.main.point_conv.conv,conv,12845056,0,0,0,0,12845056,0,0.0,0
backbone.stages.2.op_list.1.context_module.main.qkv.conv,conv,19267584,0,0,0,0,19267584,0,0.0,0
backbone.stages.2.op_list.1.context_module.main.aggreg.0.0,conv,3763200,0,617472,0,617472,3145728,617472,16.408163265306122,0
backbone.stages.2.op_list.1.context_module.main.aggreg.0.1,conv,2408448,0,0,0,0,2408448,0,0.0,0
backbone.stages.2.op_list.1.context_module.main,Vpad_Kt,1705984,0,1046299,0,1046299,659685,0,61.33111447704081,1046299
backbone.stages.2.op_list.1.context_module.main,VK_Q,1705984,43316,680289,23069,700536,1005448,0,41.063456632653065,700536
backbone.stages.2.op_list.1.context_module.main.proj.conv,conv,12845056,0,0,0,0,12845056,0,0.0,0
backbone.stages.2.op_list.1.local_module.main.inverted_conv.conv,conv,25690112,0,0,0,0,25690112,0,0.0,0
backbone.stages.2.op_list.1.local_module.main.depth_conv.conv,conv,1806336,0,242639,0,242639,1563697,167936,13.432661476048754,74703
backbone.stages.2.op_list.1.local_module.main.point_conv.conv,conv,25690112,0,0,0,0,25690112,0,0.0,0
backbone.stages.2.op_list.2.context_module.main.qkv.conv,conv,19267584,0,0,0,0,19267584,0,0.0,0
backbone.stages.2.op_list.2.context_module.main.aggreg.0.0,conv,3763200,0,617472,0,617472,3145728,617472,16.408163265306122,0
backbone.stages.2.op_list.2.context_module.main.aggreg.0.1,conv,2408448,0,0,0,0,2408448,0,0.0,0
backbone.stages.2.op_list.2.context_module.main,Vpad_Kt,1705984,0,907647,0,907647,798337,0,53.20372289540816,907647
backbone.stages.2.op_list.2.context_module.main,VK_Q,1705984,13328,785774,8194,790908,915076,0,46.36080994897959,790908
backbone.stages.2.op_list.2.context_module.main.proj.conv,conv,12845056,0,0,0,0,12845056,0,0.0,0
backbone.stages.2.op_list.2.local_module.main.inverted_conv.conv,conv,25690112,0,0,0,0,25690112,0,0.0,0
backbone.stages.2.op_list.2.local_module.main.depth_conv.conv,conv,1806336,0,272209,0,272209,1534127,167936,15.069676959325397,104273
backbone.stages.2.op_list.2.local_module.main.point_conv.conv,conv,25690112,0,256,0,256,25689856,0,0.0009964923469387755,256
backbone.stages.2.op_list.3.context_module.main.qkv.conv,conv,19267584,0,0,0,0,19267584,0,0.0,0
backbone.stages.2.op_list.3.context_module.main.aggreg.0.0,conv,3763200,0,617472,0,617472,3145728,617472,16.408163265306122,0
backbone.stages.2.op_list.3.context_module.main.aggreg.0.1,conv,2408448,0,0,0,0,2408448,0,0.0,0
backbone.stages.2.op_list.3.context_module.main,Vpad_Kt,1705984,0,1009052,0,1009052,696932,0,59.14779974489796,1009052
backbone.stages.2.op_list.3.context_module.main,VK_Q,1705984,3332,874327,3060,874599,831385,0,51.26654177295919,874599
backbone.stages.2.op_list.3.context_module.main.proj.conv,conv,12845056,0,0,0,0,12845056,0,0.0,0
backbone.stages.2.op_list.3.local_module.main.inverted_conv.conv,conv,25690112,0,0,0,0,25690112,0,0.0,0
backbone.stages.2.op_list.3.local_module.main.depth_conv.conv,conv,1806336,0,300000,0,300000,1506336,167936,16.608205782312925,132064
backbone.stages.2.op_list.3.local_module.main.point_conv.conv,conv,25690112,0,128,0,128,25689984,0,0.0004982461734693878,128
backbone.stages.3.op_list.0.main.inverted_conv.conv,conv,25690112,0,0,0,0,25690112,0,0.0,0
backbone.stages.3.op_list.0.main.depth_conv.conv,conv,451584,0,59367,0,59367,392217,41984,13.146391369047619,17383
backbone.stages.3.op_list.0.main.point_conv.conv,conv,12845056,0,0,0,0,12845056,0,0.0,0
backbone.stages.3.op_list.1.context_module.main.qkv.conv,conv,19267584,0,0,0,0,19267584,0,0.0,0
backbone.stages.3.op_list.1.context_module.main.aggreg.0.0,conv,1881600,0,589824,0,589824,1291776,589824,31.346938775510203,0
backbone.stages.3.op_list.1.context_module.main.aggreg.0.1,conv,1204224,0,0,0,0,1204224,0,0.0,0
backbone.stages.3.op_list.1.context_module.main,Vpad_Kt,852992,0,463403,0,463403,389589,0,54.32676977040816,463403
backbone.stages.3.op_list.1.context_module.main,VK_Q,852992,31654,437019,21284,447389,405603,0,52.44937818877551,447389
backbone.stages.3.op_list.1.context_module.main.proj.conv,conv,12845056,0,0,0,0,12845056,0,0.0,0
backbone.stages.3.op_list.1.local_module.main.inverted_conv.conv,conv,25690112,0,0,0,0,25690112,0,0.0,0
backbone.stages.3.op_list.1.local_module.main.depth_conv.conv,conv,903168,0,252284,0,252284,650884,163840,27.933230583900226,88444
backbone.stages.3.op_list.1.local_module.main.point_conv.conv,conv,25690112,0,1792,0,1792,25688320,0,0.006975446428571429,1792
backbone.stages.3.op_list.2.context_module.main.qkv.conv,conv,19267584,0,0,0,0,19267584,0,0.0,0
backbone.stages.3.op_list.2.context_module.main.aggreg.0.0,conv,1881600,0,589824,0,589824,1291776,589824,31.346938775510203,0
backbone.stages.3.op_list.2.context_module.main.aggreg.0.1,conv,1204224,0,0,0,0,1204224,0,0.0,0
backbone.stages.3.op_list.2.context_module.main,Vpad_Kt,852992,0,517344,0,517344,335648,0,60.650510204081634,517344
backbone.stages.3.op_list.2.context_module.main,VK_Q,852992,9163,468333,5287,472209,380783,0,55.35913584183673,472209
backbone.stages.3.op_list.2.context_module.main.proj.conv,conv,12845056,0,0,0,0,12845056,0,0.0,0
backbone.stages.3.op_list.2.local_module.main.inverted_conv.conv,conv,25690112,0,0,0,0,25690112,0,0.0,0
backbone.stages.3.op_list.2.local_module.main.depth_conv.conv,conv,903168,0,342122,0,342122,561046,163840,37.88021719104309,178282
backbone.stages.3.op_list.2.local_module.main.point_conv.conv,conv,25690112,0,512,0,512,25689600,0,0.001992984693877551,512
backbone.stages.3.op_list.3.context_module.main.qkv.conv,conv,19267584,0,0,0,0,19267584,0,0.0,0
backbone.stages.3.op_list.3.context_module.main.aggreg.0.0,conv,1881600,0,589824,0,589824,1291776,589824,31.346938775510203,0
backbone.stages.3.op_list.3.context_module.main.aggreg.0.1,conv,1204224,0,0,0,0,1204224,0,0.0,0
backbone.stages.3.op_list.3.context_module.main,Vpad_Kt,852992,0,558909,0,558909,294083,0,65.52335778061224,558909
backbone.stages.3.op_list.3.context_module.main,VK_Q,852992,17493,498916,12750,503659,349333,0,59.0461575255102,503659
backbone.stages.3.op_list.3.context_module.main.proj.conv,conv,12845056,0,0,0,0,12845056,0,0.0,0
backbone.stages.3.op_list.3.local_module.main.inverted_conv.conv,conv,25690112,0,0,0,0,25690112,0,0.0,0
backbone.stages.3.op_list.3.local_module.main.depth_conv.conv,conv,903168,0,438698,0,438698,464470,163840,48.57324440192744,274858
backbone.stages.3.op_list.3.local_module.main.point_conv.conv,conv,25690112,0,20224,0,20224,25669888,0,0.07872289540816327,20224
backbone.stages.3.op_list.4.context_module.main.qkv.conv,conv,19267584,0,0,0,0,19267584,0,0.0,0
backbone.stages.3.op_list.4.context_module.main.aggreg.0.0,conv,1881600,0,589824,0,589824,1291776,589824,31.346938775510203,0
backbone.stages.3.op_list.4.context_module.main.aggreg.0.1,conv,1204224,0,0,0,0,1204224,0,0.0,0
backbone.stages.3.op_list.4.context_module.main,Vpad_Kt,852992,0,561663,0,561663,291329,0,65.8462213010204,561663
backbone.stages.3.op_list.4.context_module.main,VK_Q,852992,24157,441966,15436,450687,402305,0,52.836017219387756,450687
backbone.stages.3.op_list.4.context_module.main.proj.conv,conv,12845056,0,0,0,0,12845056,0,0.0,0
backbone.stages.3.op_list.4.local_module.main.inverted_conv.conv,conv,25690112,0,0,0,0,25690112,0,0.0,0
backbone.stages.3.op_list.4.local_module.main.depth_conv.conv,conv,903168,0,483126,0,483126,420042,163840,53.49237351190476,319286
backbone.stages.3.op_list.4.local_module.main.point_conv.conv,conv,25690112,0,25088,0,25088,25665024,0,0.09765625,25088
head.op_list.0.conv,conv,38535168,0,0,0,0,38535168,0,0.0,0
head.op_list.2.linear,linear,4915200,166400,0,0,166400,4748800,0,3.3854166666666665,166400
head.op_list.3.linear,linear,3200000,430000,0,0,430000,2770000,0,13.4375,430000
