module,elements,zeros,blocks,zero_blocks,block_tail_elements,zero_percent,output_filters,zero_output_filters
backbone.input_stem.op_list.0.conv,432,0,27,0,0,0.0,16,0
backbone.input_stem.op_list.1.main.depth_conv.conv,144,0,9,0,0,0.0,16,0
backbone.input_stem.op_list.1.main.point_conv.conv,256,0,16,0,0,0.0,16,0
backbone.stages.0.op_list.0.main.inverted_conv.conv,1024,0,64,0,0,0.0,64,0
backbone.stages.0.op_list.0.main.depth_conv.conv,576,0,36,0,0,0.0,64,0
backbone.stages.0.op_list.0.main.point_conv.conv,2048,0,128,0,0,0.0,32,0
backbone.stages.0.op_list.1.main.inverted_conv.conv,4096,0,256,0,0,0.0,128,0
backbone.stages.0.op_list.1.main.depth_conv.conv,1152,0,72,0,0,0.0,128,0
backbone.stages.0.op_list.1.main.point_conv.conv,4096,0,256,0,0,0.0,32,0
backbone.stages.1.op_list.0.main.inverted_conv.conv,4096,0,256,0,0,0.0,128,0
backbone.stages.1.op_list.0.main.depth_conv.conv,1152,0,72,0,0,0.0,128,0
backbone.stages.1.op_list.0.main.point_conv.conv,8192,0,512,0,0,0.0,64,0
backbone.stages.1.op_list.1.main.inverted_conv.conv,16384,0,1024,0,0,0.0,256,0
backbone.stages.1.op_list.1.main.depth_conv.conv,2304,0,144,0,0,0.0,256,0
backbone.stages.1.op_list.1.main.point_conv.conv,16384,0,1024,0,0,0.0,64,0
backbone.stages.1.op_list.2.main.inverted_conv.conv,16384,0,1024,0,0,0.0,256,0
backbone.stages.1.op_list.2.main.depth_conv.conv,2304,0,144,0,0,0.0,256,0
backbone.stages.1.op_list.2.main.point_conv.conv,16384,0,1024,0,0,0.0,64,0
backbone.stages.2.op_list.0.main.inverted_conv.conv,16384,0,1024,0,0,0.0,256,0
backbone.stages.2.op_list.0.main.depth_conv.conv,2304,0,144,0,0,0.0,256,0
backbone.stages.2.op_list.0.main.point_conv.conv,32768,0,2048,0,0,0.0,128,0
backbone.stages.2.op_list.1.context_module.main.qkv.conv,49152,0,3072,0,0,0.0,384,0
backbone.stages.2.op_list.1.context_module.main.aggreg.0.0,9600,0,600,0,0,0.0,384,0
backbone.stages.2.op_list.1.context_module.main.aggreg.0.1,6144,0,384,0,0,0.0,384,0
backbone.stages.2.op_list.1.context_module.main.proj.conv,32768,0,2048,0,0,0.0,128,0
backbone.stages.2.op_list.1.local_module.main.inverted_conv.conv,65536,0,4096,0,0,0.0,512,0
backbone.stages.2.op_list.1.local_module.main.depth_conv.conv,4608,0,288,0,0,0.0,512,0
backbone.stages.2.op_list.1.local_module.main.point_conv.conv,65536,0,4096,0,0,0.0,128,0
backbone.stages.2.op_list.2.context_module.main.qkv.conv,49152,0,3072,0,0,0.0,384,0
backbone.stages.2.op_list.2.context_module.main.aggreg.0.0,9600,0,600,0,0,0.0,384,0
backbone.stages.2.op_list.2.context_module.main.aggreg.0.1,6144,0,384,0,0,0.0,384,0
backbone.stages.2.op_list.2.context_module.main.proj.conv,32768,0,2048,0,0,0.0,128,0
backbone.stages.2.op_list.2.local_module.main.inverted_conv.conv,65536,0,4096,0,0,0.0,512,0
backbone.stages.2.op_list.2.local_module.main.depth_conv.conv,4608,0,288,0,0,0.0,512,0
backbone.stages.2.op_list.2.local_module.main.point_conv.conv,65536,0,4096,0,0,0.0,128,0
backbone.stages.2.op_list.3.context_module.main.qkv.conv,49152,0,3072,0,0,0.0,384,0
backbone.stages.2.op_list.3.context_module.main.aggreg.0.0,9600,0,600,0,0,0.0,384,0
backbone.stages.2.op_list.3.context_module.main.aggreg.0.1,6144,0,384,0,0,0.0,384,0
backbone.stages.2.op_list.3.context_module.main.proj.conv,32768,0,2048,0,0,0.0,128,0
backbone.stages.2.op_list.3.local_module.main.inverted_conv.conv,65536,0,4096,0,0,0.0,512,0
backbone.stages.2.op_list.3.local_module.main.depth_conv.conv,4608,0,288,0,0,0.0,512,0
backbone.stages.2.op_list.3.local_module.main.point_conv.conv,65536,0,4096,0,0,0.0,128,0
backbone.stages.3.op_list.0.main.inverted_conv.conv,65536,0,4096,0,0,0.0,512,0
backbone.stages.3.op_list.0.main.depth_conv.conv,4608,0,288,0,0,0.0,512,0
backbone.stages.3.op_list.0.main.point_conv.conv,131072,0,8192,0,0,0.0,256,0
backbone.stages.3.op_list.1.context_module.main.qkv.conv,196608,0,12288,0,0,0.0,768,0
backbone.stages.3.op_list.1.context_module.main.aggreg.0.0,19200,0,1200,0,0,0.0,768,0
backbone.stages.3.op_list.1.context_module.main.aggreg.0.1,12288,0,768,0,0,0.0,768,0
backbone.stages.3.op_list.1.context_module.main.proj.conv,131072,0,8192,0,0,0.0,256,0
backbone.stages.3.op_list.1.local_module.main.inverted_conv.conv,262144,0,16384,0,0,0.0,1024,0
backbone.stages.3.op_list.1.local_module.main.depth_conv.conv,9216,0,576,0,0,0.0,1024,0
backbone.stages.3.op_list.1.local_module.main.point_conv.conv,262144,0,16384,0,0,0.0,256,0
backbone.stages.3.op_list.2.context_module.main.qkv.conv,196608,0,12288,0,0,0.0,768,0
backbone.stages.3.op_list.2.context_module.main.aggreg.0.0,19200,0,1200,0,0,0.0,768,0
backbone.stages.3.op_list.2.context_module.main.aggreg.0.1,12288,0,768,0,0,0.0,768,0
backbone.stages.3.op_list.2.context_module.main.proj.conv,131072,0,8192,0,0,0.0,256,0
backbone.stages.3.op_list.2.local_module.main.inverted_conv.conv,262144,0,16384,0,0,0.0,1024,0
backbone.stages.3.op_list.2.local_module.main.depth_conv.conv,9216,0,576,0,0,0.0,1024,0
backbone.stages.3.op_list.2.local_module.main.point_conv.conv,262144,0,16384,0,0,0.0,256,0
backbone.stages.3.op_list.3.context_module.main.qkv.conv,196608,0,12288,0,0,0.0,768,0
backbone.stages.3.op_list.3.context_module.main.aggreg.0.0,19200,0,1200,0,0,0.0,768,0
backbone.stages.3.op_list.3.context_module.main.aggreg.0.1,12288,0,768,0,0,0.0,768,0
backbone.stages.3.op_list.3.context_module.main.proj.conv,131072,0,8192,0,0,0.0,256,0
backbone.stages.3.op_list.3.local_module.main.inverted_conv.conv,262144,0,16384,0,0,0.0,1024,0
backbone.stages.3.op_list.3.local_module.main.depth_conv.conv,9216,0,576,0,0,0.0,1024,0
backbone.stages.3.op_list.3.local_module.main.point_conv.conv,262144,0,16384,0,0,0.0,256,0
backbone.stages.3.op_list.4.context_module.main.qkv.conv,196608,0,12288,0,0,0.0,768,0
backbone.stages.3.op_list.4.context_module.main.aggreg.0.0,19200,0,1200,0,0,0.0,768,0
backbone.stages.3.op_list.4.context_module.main.aggreg.0.1,12288,0,768,0,0,0.0,768,0
backbone.stages.3.op_list.4.context_module.main.proj.conv,131072,0,8192,0,0,0.0,256,0
backbone.stages.3.op_list.4.local_module.main.inverted_conv.conv,262144,0,16384,0,0,0.0,1024,0
backbone.stages.3.op_list.4.local_module.main.depth_conv.conv,9216,0,576,0,0,0.0,1024,0
backbone.stages.3.op_list.4.local_module.main.point_conv.conv,262144,0,16384,0,0,0.0,256,0
head.op_list.0.conv,393216,0,24576,0,0,0.0,1536,0
head.op_list.2.linear,2457600,0,153600,0,0,0.0,1600,0
head.op_list.3.linear,1600000,0,100000,0,0,0.0,1000,0
